data/clean/my_audio_0.wav,こんにちは。田村研なのだ。
data/clean/my_audio_1.wav,チャンネル登録お願いします。
data/clean/my_audio_2.wav,太陽は明るく輝いています。
data/clean/my_audio_3.wav,猫は可愛いです。
data/clean/my_audio_4.wav,雨が降っています。
data/clean/my_audio_5.wav,コーヒーが好きです。
data/clean/my_audio_6.wav,星が夜空に輝いています。
data/clean/my_audio_7.wav,季節が変わります。
data/clean/my_audio_8.wav,本を読むのが好きです。
data/clean/my_audio_9.wav,ピザは美味しいです。
data/clean/my_audio_10.wav,花が咲いています。
data/clean/my_audio_11.wav,犬は忠実です。
data/clean/my_audio_12.wav,旅行が楽しいです。
data/clean/my_audio_13.wav,歌を歌います。
data/clean/my_audio_14.wav,山に登ります。
data/clean/my_audio_15.wav,青い空が広がっています。
data/clean/my_audio_16.wav,バスケットボールをします。
data/clean/my_audio_17.wav,ドラマを観ます。
data/clean/my_audio_18.wav,恋に落ちます。
data/clean/my_audio_19.wav,サーフィンが得意です。
data/clean/my_audio_20.wav,ピクニックに行きます。
data/clean/my_audio_21.wav,空港で待っています。
data/clean/my_audio_22.wav,笑顔が素敵です。
data/clean/my_audio_23.wav,雪が積もります。
data/clean/my_audio_24.wav,ゴルフが楽しいです。
data/clean/my_audio_25.wav,家族と過ごします。
data/clean/my_audio_26.wav,ギターを弾きます。
data/clean/my_audio_27.wav,朝日が昇ります。
data/clean/my_audio_28.wav,映画を撮ります。
data/clean/my_audio_29.wav,海で泳ぎます。
data/clean/my_audio_30.wav,茶を飲みます。
data/clean/my_audio_31.wav,仕事が終わりました。
data/clean/my_audio_32.wav,自然に感謝します。
data/clean/my_audio_33.wav,友達と笑います。
data/clean/my_audio_34.wav,未来を夢見ます。
data/clean/my_audio_35.wav,本を書きます。
data/clean/my_audio_36.wav,フルーツが美味しいです。
data/clean/my_audio_37.wav,ランニングを楽しむ。
data/clean/my_audio_38.wav,夜空の星座を見ます。
data/clean/my_audio_39.wav,デザインに魅了されます。
data/clean/my_audio_40.wav,自己啓発に励む。
data/clean/my_audio_41.wav,レストランで食事。
data/clean/my_audio_42.wav,春の桜が咲く。
data/clean/my_audio_43.wav,音楽に耳を傾けます。
data/clean/my_audio_44.wav,科学の謎を解明。
data/clean/my_audio_45.wav,ロマンス小説を読む。
data/clean/my_audio_46.wav,紅葉が美しい季節。
data/clean/my_audio_47.wav,散歩で自然と調和。
data/clean/my_audio_48.wav,良い夢を見ますように。
data/clean/my_audio_49.wav,鳥のさえずりが心地よい。
data/clean/my_audio_50.wav,子供の笑顔が幸せ。
data/clean/my_audio_51.wav,世界を旅して学ぶ。
data/clean/my_audio_52.wav,アートに感動します。
data/clean/my_audio_53.wav,家でくつろぎます。
data/clean/my_audio_54.wav,山頂を目指すハイク。
data/clean/my_audio_55.wav,料理を楽しむ時間。
data/clean/my_audio_56.wav,ロボット技術が進化。
data/clean/my_audio_57.wav,健康を大切にします。
data/clean/my_audio_58.wav,星座占いを信じます。
data/clean/my_audio_59.wav,絵を描いてストレス解消。
data/clean/my_audio_60.wav,新たな挑戦を受け入れ。
data/clean/my_audio_61.wav,日常の小さな幸せ。
data/clean/my_audio_62.wav,ダンスでエネルギー。
data/clean/my_audio_63.wav,芝居を鑑賞します。
data/clean/my_audio_64.wav,古代文明の秘密。
data/clean/my_audio_65.wav,勇気を持って冒険。
data/clean/my_audio_66.wav,文化に触れて学ぶ。
data/clean/my_audio_67.wav,ビーチで泳ぐ楽しみ。
data/clean/my_audio_68.wav,料理をレパートリーに。
data/clean/my_audio_69.wav,雨の日の読書タイム。
data/clean/my_audio_70.wav,サッカーで汗流す
data/clean/my_audio_71.wav,未来の夢に向かって。
data/clean/my_audio_72.wav,野生動物を観察。
data/clean/my_audio_73.wav,時間を大切に。
data/clean/my_audio_74.wav,夜の星空が美しい。
data/clean/my_audio_75.wav,自己表現を大切に。
data/clean/my_audio_76.wav,眠りにつく瞬間。
data/clean/my_audio_77.wav,クリエイティブなアイデア。
data/clean/my_audio_78.wav,人々の笑顔が幸福。
data/clean/my_audio_79.wav,世界の多様性尊重。
data/clean/my_audio_80.wav,自然の美しさを感じる。
data/clean/my_audio_81.wav,新しい言語を学ぶ。
data/clean/my_audio_82.wav,家族との絆を強化。
data/clean/my_audio_83.wav,シンプルな幸せを。
data/clean/my_audio_84.wav,賢明な決断をする。
data/clean/my_audio_85.wav,旅の思い出を作る。
data/clean/my_audio_86.wav,仕事で成果を上げる。
data/clean/my_audio_87.wav,勉強を楽しむ姿勢。
data/clean/my_audio_88.wav,やりがいのある仕事。
data/clean/my_audio_89.wav,自然災害への備え。
data/clean/my_audio_90.wav,季節の美しさを楽しむ。
data/clean/my_audio_91.wav,未来への希望を持つ。
data/clean/my_audio_92.wav,文化の多様性尊重。
data/clean/my_audio_93.wav,人々との出会い。
data/clean/my_audio_94.wav,音楽の魔法に魅了。
data/clean/my_audio_95.wav,ペットとのひととき。
data/clean/my_audio_96.wav,自分自身を愛する。
data/clean/my_audio_97.wav,新しい技術の発展。
data/clean/my_audio_98.wav,持続可能な生活。
data/clean/my_audio_99.wav,本物の友情を大切に。
data/clean/my_audio_100.wav,自己成長の旅に出る。
data/clean/my_audio_101.wav,世界平和を願います。
data/clean/my_audio_102.wav,虹が雨上がりに現れる。
data/clean/my_audio_103.wav,新しいアート展に行く。
data/clean/my_audio_104.wav,自然の力を感じる。
data/clean/my_audio_105.wav,古代遺跡を訪れる。
data/clean/my_audio_106.wav,楽しい音楽フェスティバル。
data/clean/my_audio_107.wav,新鮮な野菜を収穫。
data/clean/my_audio_108.wav,夜の散歩がリラックス。
data/clean/my_audio_109.wav,星座を観察して夢見る。
data/clean/my_audio_110.wav,冒険心をくすぐる本。
data/clean/my_audio_111.wav,クリエイティブなアートプロジェクト。
data/clean/my_audio_112.wav,愛と理解が大切。
data/clean/my_audio_113.wav,知識を共有し合う。
data/clean/my_audio_114.wav,自分を信じて挑戦。
data/clean/my_audio_115.wav,季節の変化を楽しむ。
data/clean/my_audio_116.wav,水辺で釣りを楽しむ。
data/clean/my_audio_117.wav,子どもたちの成長を見守る。
data/clean/my_audio_118.wav,新しい友達と出会う。
data/clean/my_audio_119.wav,高山で登山を楽しむ。
data/clean/my_audio_120.wav,星座に願いを託す。
data/clean/my_audio_121.wav,人々の多様性を祝う。
data/clean/my_audio_122.wav,良書に心を奪われる。
data/clean/my_audio_123.wav,雪だるまを作って笑顔。
data/clean/my_audio_124.wav,自分の限界に挑戦。
data/clean/my_audio_125.wav,新しいホビーを始める。
data/clean/my_audio_126.wav,愛犬との散歩タイム。
data/clean/my_audio_127.wav,ビジョンを実現する。
data/clean/my_audio_128.wav,音楽で感情を表現。 
data/clean/my_audio_129.wav,サーカスのショーを楽しむ。
data/clean/my_audio_130.wav,未来に希望を抱く。
data/clean/my_audio_131.wav,アートと科学の融合。 
data/clean/my_audio_132.wav,ガーデニングでリフレッシュ。
data/clean/my_audio_133.wav,美しい日の出を迎える。
data/clean/my_audio_134.wav,逆境に立ち向かう勇気。
data/clean/my_audio_135.wav,自分の夢を追いかける。 
data/clean/my_audio_136.wav,ハイキングで大自然を満喫。
data/clean/my_audio_137.wav,冷たいアイスクリームが美味しい。
data/clean/my_audio_138.wav,マイルストーンを祝う。
data/clean/my_audio_139.wav,チャリティに貢献する。 
data/clean/my_audio_140.wav,地元のフェスティバルに参加。 
data/clean/my_audio_141.wav,子どもたちと遊び笑顔。 
data/clean/my_audio_142.wav,青い海でシュノーケリング。
data/clean/my_audio_143.wav,おいしい料理を試す。
data/clean/my_audio_144.wav,音楽フェスのワクワク。 
data/clean/my_audio_145.wav,自然のサウンドを楽しむ 
data/clean/my_audio_146.wav,芸術とアートの愛。
data/clean/my_audio_147.wav,気分をリセットする。
data/clean/my_audio_148.wav,魔法の瞬間を捉える。
data/clean/my_audio_149.wav,旅先で新しい文化体験。
data/clean/my_audio_150.wav,創造的なアイデアの嵐。
data/clean/my_audio_151.wav,感謝の気持ちを伝える。
