data/noise/my_audio_0_noise.wav,こんにちは。田村研なのだ。
data/noise/my_audio_1_noise.wav,チャンネル登録お願いします。
data/noise/my_audio_2_noise.wav,太陽は明るく輝いています。
data/noise/my_audio_3_noise.wav,猫は可愛いです。
data/noise/my_audio_4_noise.wav,雨が降っています。
data/noise/my_audio_5_noise.wav,コーヒーが好きです。
data/noise/my_audio_6_noise.wav,星が夜空に輝いています。
data/noise/my_audio_7_noise.wav,季節が変わります。
data/noise/my_audio_8_noise.wav,本を読むのが好きです。
data/noise/my_audio_9_noise.wav,ピザは美味しいです。
data/noise/my_audio_10_noise.wav,花が咲いています。
data/noise/my_audio_11_noise.wav,犬は忠実です。
data/noise/my_audio_12_noise.wav,旅行が楽しいです。
data/noise/my_audio_13_noise.wav,歌を歌います。
data/noise/my_audio_14_noise.wav,山に登ります。
data/noise/my_audio_15_noise.wav,青い空が広がっています。
data/noise/my_audio_16_noise.wav,バスケットボールをします。
data/noise/my_audio_17_noise.wav,ドラマを観ます。
data/noise/my_audio_18_noise.wav,恋に落ちます。
data/noise/my_audio_19_noise.wav,サーフィンが得意です。
data/noise/my_audio_20_noise.wav,ピクニックに行きます。
data/noise/my_audio_21_noise.wav,空港で待っています。
data/noise/my_audio_22_noise.wav,笑顔が素敵です。
data/noise/my_audio_23_noise.wav,雪が積もります。
data/noise/my_audio_24_noise.wav,ゴルフが楽しいです。
data/noise/my_audio_25_noise.wav,家族と過ごします。
data/noise/my_audio_26_noise.wav,ギターを弾きます。
data/noise/my_audio_27_noise.wav,朝日が昇ります。
data/noise/my_audio_28_noise.wav,映画を撮ります。
data/noise/my_audio_29_noise.wav,海で泳ぎます。
data/noise/my_audio_30_noise.wav,茶を飲みます。
data/noise/my_audio_31_noise.wav,仕事が終わりました。
data/noise/my_audio_32_noise.wav,自然に感謝します。
data/noise/my_audio_33_noise.wav,友達と笑います。
data/noise/my_audio_34_noise.wav,未来を夢見ます。
data/noise/my_audio_35_noise.wav,本を書きます。
data/noise/my_audio_36_noise.wav,フルーツが美味しいです。
data/noise/my_audio_37_noise.wav,ランニングを楽しむ。
data/noise/my_audio_38_noise.wav,夜空の星座を見ます。
data/noise/my_audio_39_noise.wav,デザインに魅了されます。
data/noise/my_audio_40_noise.wav,自己啓発に励む。
data/noise/my_audio_41_noise.wav,レストランで食事。
data/noise/my_audio_42_noise.wav,春の桜が咲く。
data/noise/my_audio_43_noise.wav,音楽に耳を傾けます。
data/noise/my_audio_44_noise.wav,科学の謎を解明。
data/noise/my_audio_45_noise.wav,ロマンス小説を読む。
data/noise/my_audio_46_noise.wav,紅葉が美しい季節。
data/noise/my_audio_47_noise.wav,散歩で自然と調和。
data/noise/my_audio_48_noise.wav,良い夢を見ますように。
data/noise/my_audio_49_noise.wav,鳥のさえずりが心地よい。
data/noise/my_audio_50_noise.wav,子供の笑顔が幸せ。
data/noise/my_audio_51_noise.wav,世界を旅して学ぶ。
data/noise/my_audio_52_noise.wav,アートに感動します。
data/noise/my_audio_53_noise.wav,家でくつろぎます。
data/noise/my_audio_54_noise.wav,山頂を目指すハイク。
data/noise/my_audio_55_noise.wav,料理を楽しむ時間。
data/noise/my_audio_56_noise.wav,ロボット技術が進化。
data/noise/my_audio_57_noise.wav,健康を大切にします。
data/noise/my_audio_58_noise.wav,星座占いを信じます。
data/noise/my_audio_59_noise.wav,絵を描いてストレス解消。
data/noise/my_audio_60_noise.wav,新たな挑戦を受け入れ。
data/noise/my_audio_61_noise.wav,日常の小さな幸せ。
data/noise/my_audio_62_noise.wav,ダンスでエネルギー。
data/noise/my_audio_63_noise.wav,芝居を鑑賞します。
data/noise/my_audio_64_noise.wav,古代文明の秘密。
data/noise/my_audio_65_noise.wav,勇気を持って冒険。
data/noise/my_audio_66_noise.wav,文化に触れて学ぶ。
data/noise/my_audio_67_noise.wav,ビーチで泳ぐ楽しみ。
data/noise/my_audio_68_noise.wav,料理をレパートリーに。
data/noise/my_audio_69_noise.wav,雨の日の読書タイム。
data/noise/my_audio_70_noise.wav,サッカーで汗流す
data/noise/my_audio_71_noise.wav,未来の夢に向かって。
data/noise/my_audio_72_noise.wav,野生動物を観察。
data/noise/my_audio_73_noise.wav,時間を大切に。
data/noise/my_audio_74_noise.wav,夜の星空が美しい。
data/noise/my_audio_75_noise.wav,自己表現を大切に。
data/noise/my_audio_76_noise.wav,眠りにつく瞬間。
data/noise/my_audio_77_noise.wav,クリエイティブなアイデア。
data/noise/my_audio_78_noise.wav,人々の笑顔が幸福。
data/noise/my_audio_79_noise.wav,世界の多様性尊重。
data/noise/my_audio_80_noise.wav,自然の美しさを感じる。
data/noise/my_audio_81_noise.wav,新しい言語を学ぶ。
data/noise/my_audio_82_noise.wav,家族との絆を強化。
data/noise/my_audio_83_noise.wav,シンプルな幸せを。
data/noise/my_audio_84_noise.wav,賢明な決断をする。
data/noise/my_audio_85_noise.wav,旅の思い出を作る。
data/noise/my_audio_86_noise.wav,仕事で成果を上げる。
data/noise/my_audio_87_noise.wav,勉強を楽しむ姿勢。
data/noise/my_audio_88_noise.wav,やりがいのある仕事。
data/noise/my_audio_89_noise.wav,自然災害への備え。
data/noise/my_audio_90_noise.wav,季節の美しさを楽しむ。
data/noise/my_audio_91_noise.wav,未来への希望を持つ。
data/noise/my_audio_92_noise.wav,文化の多様性尊重。
data/noise/my_audio_93_noise.wav,人々との出会い。
data/noise/my_audio_94_noise.wav,音楽の魔法に魅了。
data/noise/my_audio_95_noise.wav,ペットとのひととき。
data/noise/my_audio_96_noise.wav,自分自身を愛する。
data/noise/my_audio_97_noise.wav,新しい技術の発展。
data/noise/my_audio_98_noise.wav,持続可能な生活。
data/noise/my_audio_99_noise.wav,本物の友情を大切に。
data/noise/my_audio_100_noise.wav,自己成長の旅に出る。
data/noise/my_audio_101_noise.wav,世界平和を願います。
data/noise/my_audio_102_noise.wav,虹が雨上がりに現れる。
data/noise/my_audio_103_noise.wav,新しいアート展に行く。
data/noise/my_audio_104_noise.wav,自然の力を感じる。
data/noise/my_audio_105_noise.wav,古代遺跡を訪れる。
data/noise/my_audio_106_noise.wav,楽しい音楽フェスティバル。
data/noise/my_audio_107_noise.wav,新鮮な野菜を収穫。
data/noise/my_audio_108_noise.wav,夜の散歩がリラックス。
data/noise/my_audio_109_noise.wav,星座を観察して夢見る。
data/noise/my_audio_110_noise.wav,冒険心をくすぐる本。
data/noise/my_audio_111_noise.wav,クリエイティブなアートプロジェクト。
data/noise/my_audio_112_noise.wav,愛と理解が大切。
data/noise/my_audio_113_noise.wav,知識を共有し合う。
data/noise/my_audio_114_noise.wav,自分を信じて挑戦。
data/noise/my_audio_115_noise.wav,季節の変化を楽しむ。
data/noise/my_audio_116_noise.wav,水辺で釣りを楽しむ。
data/noise/my_audio_117_noise.wav,子どもたちの成長を見守る。
data/noise/my_audio_118_noise.wav,新しい友達と出会う。
data/noise/my_audio_119_noise.wav,高山で登山を楽しむ。
data/noise/my_audio_120_noise.wav,星座に願いを託す。
data/noise/my_audio_121_noise.wav,人々の多様性を祝う。
data/noise/my_audio_122_noise.wav,良書に心を奪われる。
data/noise/my_audio_123_noise.wav,雪だるまを作って笑顔。
data/noise/my_audio_124_noise.wav,自分の限界に挑戦。
data/noise/my_audio_125_noise.wav,新しいホビーを始める。
data/noise/my_audio_126_noise.wav,愛犬との散歩タイム。
data/noise/my_audio_127_noise.wav,ビジョンを実現する。
data/noise/my_audio_128_noise.wav,音楽で感情を表現。 
data/noise/my_audio_129_noise.wav,サーカスのショーを楽しむ。
data/noise/my_audio_130_noise.wav,未来に希望を抱く。
data/noise/my_audio_131_noise.wav,アートと科学の融合。 
data/noise/my_audio_132_noise.wav,ガーデニングでリフレッシュ。
data/noise/my_audio_133_noise.wav,美しい日の出を迎える。
data/noise/my_audio_134_noise.wav,逆境に立ち向かう勇気。
data/noise/my_audio_135_noise.wav,自分の夢を追いかける。 
data/noise/my_audio_136_noise.wav,ハイキングで大自然を満喫。
data/noise/my_audio_137_noise.wav,冷たいアイスクリームが美味しい。
data/noise/my_audio_138_noise.wav,マイルストーンを祝う。
data/noise/my_audio_139_noise.wav,チャリティに貢献する。 
data/noise/my_audio_140_noise.wav,地元のフェスティバルに参加。 
data/noise/my_audio_141_noise.wav,子どもたちと遊び笑顔。 
data/noise/my_audio_142_noise.wav,青い海でシュノーケリング。
data/noise/my_audio_143_noise.wav,おいしい料理を試す。
data/noise/my_audio_144_noise.wav,音楽フェスのワクワク。 
data/noise/my_audio_145_noise.wav,自然のサウンドを楽しむ 
data/noise/my_audio_146_noise.wav,芸術とアートの愛。
data/noise/my_audio_147_noise.wav,気分をリセットする。
data/noise/my_audio_148_noise.wav,魔法の瞬間を捉える。
data/noise/my_audio_149_noise.wav,旅先で新しい文化体験。
data/noise/my_audio_150_noise.wav,創造的なアイデアの嵐。
data/noise/my_audio_151_noise.wav,感謝の気持ちを伝える。
